ts,pa
2020-09-08 00:00:22,100664
2020-09-08 00:01:22,100661
2020-09-08 00:02:22,100667
2020-09-08 00:03:22,100668
2020-09-08 00:04:22,100667
2020-09-08 00:05:22,100668
2020-09-08 00:06:22,100670
2020-09-08 00:07:22,100668
2020-09-08 00:08:22,100667
2020-09-08 00:09:23,100667
2020-09-08 00:10:23,100665
2020-09-08 00:11:23,100662
2020-09-08 00:12:23,100662
2020-09-08 00:13:23,100662
2020-09-08 00:14:23,100665
2020-09-08 00:15:23,100665
2020-09-08 00:16:23,100667
2020-09-08 00:17:23,100669
2020-09-08 00:18:23,100671
2020-09-08 00:19:23,100669
2020-09-08 00:20:23,100671
2020-09-08 00:21:23,100670
2020-09-08 00:22:23,100669
2020-09-08 00:23:23,100670
2020-09-08 00:24:23,100667
2020-09-08 00:25:23,100673
2020-09-08 00:26:23,100670
2020-09-08 00:27:23,100671
2020-09-08 00:28:23,100673
2020-09-08 00:29:23,100676
2020-09-08 00:30:23,100677
2020-09-08 00:31:23,100676
2020-09-08 00:32:23,100676
2020-09-08 00:33:23,100679
2020-09-08 00:34:23,100680
2020-09-08 00:35:23,100681
2020-09-08 00:36:23,100685
2020-09-08 00:37:23,100686
2020-09-08 00:38:23,100683
2020-09-08 00:39:23,100688
2020-09-08 00:40:23,100693
2020-09-08 00:41:23,100693
2020-09-08 00:42:23,100695
2020-09-08 00:43:23,100697
2020-09-08 00:44:23,100696
2020-09-08 00:45:23,100696
2020-09-08 00:46:23,100696
2020-09-08 00:47:23,100695
2020-09-08 00:48:23,100698
2020-09-08 00:49:23,100701
2020-09-08 00:50:23,100701
2020-09-08 00:51:23,100698
2020-09-08 00:52:23,100700
2020-09-08 00:53:23,100700
2020-09-08 00:54:23,100700
2020-09-08 00:55:23,100697
2020-09-08 00:56:23,100693
2020-09-08 00:57:23,100698
2020-09-08 00:58:23,100693
2020-09-08 00:59:23,100695
2020-09-08 01:00:23,100699
2020-09-08 01:01:23,100695
2020-09-08 01:02:24,100695
2020-09-08 01:03:24,100694
2020-09-08 01:04:24,100693
2020-09-08 01:05:24,100693
2020-09-08 01:06:24,100695
2020-09-08 01:07:24,100696
2020-09-08 01:08:24,100695
2020-09-08 01:09:24,100701
2020-09-08 01:10:24,100701
2020-09-08 01:11:24,100701
2020-09-08 01:12:24,100705
2020-09-08 01:13:24,100702
2020-09-08 01:14:24,100705
2020-09-08 01:15:24,100705
2020-09-08 01:16:24,100707
2020-09-08 01:17:24,100709
2020-09-08 01:18:24,100711
2020-09-08 01:19:24,100712
2020-09-08 01:20:24,100715
2020-09-08 01:21:24,100716
2020-09-08 01:22:24,100715
2020-09-08 01:23:24,100714
2020-09-08 01:24:24,100721
2020-09-08 01:25:24,100723
2020-09-08 01:26:24,100722
2020-09-08 01:27:24,100725
2020-09-08 01:28:24,100721
2020-09-08 01:29:24,100719
2020-09-08 01:30:24,100721
2020-09-08 01:31:24,100717
2020-09-08 01:32:24,100716
2020-09-08 01:33:24,100714
2020-09-08 01:34:24,100712
2020-09-08 01:35:24,100712
2020-09-08 01:36:24,100707
2020-09-08 01:37:24,100705
2020-09-08 01:38:24,100704
2020-09-08 01:39:24,100705
2020-09-08 01:40:24,100708
2020-09-08 01:41:24,100710
2020-09-08 01:42:24,100711
2020-09-08 01:43:24,100711
2020-09-08 01:44:24,100710
2020-09-08 01:45:24,100712
2020-09-08 01:46:24,100710
2020-09-08 01:47:24,100711
2020-09-08 01:48:24,100710
2020-09-08 01:49:24,100712
2020-09-08 01:50:25,100711
2020-09-08 01:51:25,100713
2020-09-08 01:52:25,100712
2020-09-08 01:53:25,100710
2020-09-08 01:54:25,100709
2020-09-08 01:55:25,100712
2020-09-08 01:56:25,100711
2020-09-08 01:57:25,100705
2020-09-08 01:58:25,100705
2020-09-08 01:59:25,100701
2020-09-08 02:00:25,100702
2020-09-08 02:01:25,100700
2020-09-08 02:02:25,100703
2020-09-08 02:03:25,100700
2020-09-08 02:04:25,100703
2020-09-08 02:05:25,100707
2020-09-08 02:06:25,100709
2020-09-08 02:07:25,100708
2020-09-08 02:08:25,100706
2020-09-08 02:09:25,100704
2020-09-08 02:10:25,100704
2020-09-08 02:11:25,100707
2020-09-08 02:12:25,100706
2020-09-08 02:13:25,100709
2020-09-08 02:14:25,100708
2020-09-08 02:15:25,100706
2020-09-08 02:16:25,100703
2020-09-08 02:17:25,100706
2020-09-08 02:18:25,100708
2020-09-08 02:19:25,100706
2020-09-08 02:20:25,100706
2020-09-08 02:21:25,100703
2020-09-08 02:22:25,100704
2020-09-08 02:23:25,100702
2020-09-08 02:24:25,100703
2020-09-08 02:25:25,100700
2020-09-08 02:26:25,100696
2020-09-08 02:27:25,100695
2020-09-08 02:28:25,100698
2020-09-08 02:29:25,100697
2020-09-08 02:30:25,100698
2020-09-08 02:31:25,100700
2020-09-08 02:32:25,100703
2020-09-08 02:33:25,100700
2020-09-08 02:34:26,100699
2020-09-08 02:35:26,100700
2020-09-08 02:36:26,100698
2020-09-08 02:37:26,100700
2020-09-08 02:38:26,100697
2020-09-08 02:39:26,100704
2020-09-08 02:40:26,100704
2020-09-08 02:41:26,100707
2020-09-08 02:42:26,100704
2020-09-08 02:43:26,100711
2020-09-08 02:44:26,100706
2020-09-08 02:45:26,100707
2020-09-08 02:46:26,100708
2020-09-08 02:47:26,100707
2020-09-08 02:48:26,100705
2020-09-08 02:49:26,100708
2020-09-08 02:50:26,100707
2020-09-08 02:51:26,100707
2020-09-08 02:52:26,100706
2020-09-08 02:53:26,100706
2020-09-08 02:54:26,100704
2020-09-08 02:55:26,100707
2020-09-08 02:56:26,100705
2020-09-08 02:57:26,100703
2020-09-08 02:58:26,100707
2020-09-08 02:59:26,100706
2020-09-08 03:00:26,100707
2020-09-08 03:01:26,100704
2020-09-08 03:02:26,100705
2020-09-08 03:03:26,100704
2020-09-08 03:04:26,100702
2020-09-08 03:05:26,100703
2020-09-08 03:06:26,100704
2020-09-08 03:07:26,100704
2020-09-08 03:08:26,100706
2020-09-08 03:09:26,100706
2020-09-08 03:10:26,100706
2020-09-08 03:11:26,100707
2020-09-08 03:12:26,100705
2020-09-08 03:13:26,100705
2020-09-08 03:14:26,100704
2020-09-08 03:15:26,100701
2020-09-08 03:16:26,100702
2020-09-08 03:17:26,100701
2020-09-08 03:18:27,100704
2020-09-08 03:19:27,100700
2020-09-08 03:20:27,100701
2020-09-08 03:21:27,100702
2020-09-08 03:22:27,100706
2020-09-08 03:23:27,100702
2020-09-08 03:24:27,100698
2020-09-08 03:25:27,100700
2020-09-08 03:26:27,100699
2020-09-08 03:27:27,100697
2020-09-08 03:28:27,100697
2020-09-08 03:29:27,100693
2020-09-08 03:30:27,100693
2020-09-08 03:31:27,100695
2020-09-08 03:32:27,100696
2020-09-08 03:33:27,100698
2020-09-08 03:34:27,100697
2020-09-08 03:35:27,100697
2020-09-08 03:36:27,100695
2020-09-08 03:37:27,100696
2020-09-08 03:38:27,100692
2020-09-08 03:39:27,100695
2020-09-08 03:40:27,100695
2020-09-08 03:41:27,100694
2020-09-08 03:42:27,100693
2020-09-08 03:43:27,100692
2020-09-08 03:44:27,100694
2020-09-08 03:45:27,100696
2020-09-08 03:46:27,100695
2020-09-08 03:47:27,100695
2020-09-08 03:48:27,100697
2020-09-08 03:49:27,100698
2020-09-08 03:50:27,100697
2020-09-08 03:51:27,100697
2020-09-08 03:52:27,100696
2020-09-08 03:53:27,100696
2020-09-08 03:54:27,100696
2020-09-08 03:55:27,100697
2020-09-08 03:56:27,100693
2020-09-08 03:57:27,100697
2020-09-08 03:58:27,100695
2020-09-08 03:59:27,100696
2020-09-08 04:00:27,100695
2020-09-08 04:01:27,100698
2020-09-08 04:02:27,100698
2020-09-08 04:03:27,100701
2020-09-08 04:04:27,100702
2020-09-08 04:05:28,100701
2020-09-08 04:06:28,100704
2020-09-08 04:07:28,100701
2020-09-08 04:08:28,100701
2020-09-08 04:09:28,100700
2020-09-08 04:10:28,100697
2020-09-08 04:11:28,100698
2020-09-08 04:12:28,100704
2020-09-08 04:13:28,100704
2020-09-08 04:14:28,100701
2020-09-08 04:15:28,100704
2020-09-08 04:16:28,100703
2020-09-08 04:17:28,100705
2020-09-08 04:18:28,100705
2020-09-08 04:19:28,100702
2020-09-08 04:20:28,100704
2020-09-08 04:21:28,100704
2020-09-08 04:22:28,100703
2020-09-08 04:23:28,100698
2020-09-08 04:24:28,100705
2020-09-08 04:25:28,100707
2020-09-08 04:26:28,100707
2020-09-08 04:27:28,100708
2020-09-08 04:28:28,100715
2020-09-08 04:29:28,100712
2020-09-08 04:30:28,100712
2020-09-08 04:31:28,100709
2020-09-08 04:32:28,100713
2020-09-08 04:33:28,100713
2020-09-08 04:34:28,100712
2020-09-08 04:35:28,100712
2020-09-08 04:36:28,100707
2020-09-08 04:37:28,100708
2020-09-08 04:38:28,100707
2020-09-08 04:39:28,100704
2020-09-08 04:40:28,100701
2020-09-08 04:41:28,100702
2020-09-08 04:42:28,100704
2020-09-08 04:43:29,100704
2020-09-08 04:44:29,100703
2020-09-08 04:45:29,100702
2020-09-08 04:46:29,100701
2020-09-08 04:47:29,100701
2020-09-08 04:48:29,100706
2020-09-08 04:49:29,100707
2020-09-08 04:50:29,100708
2020-09-08 04:51:29,100709
2020-09-08 04:52:29,100712
2020-09-08 04:53:29,100714
2020-09-08 04:54:29,100711
2020-09-08 04:55:29,100710
2020-09-08 04:56:29,100712
2020-09-08 04:57:29,100710
2020-09-08 04:58:29,100714
2020-09-08 04:59:29,100714
2020-09-08 05:00:29,100714
2020-09-08 05:01:29,100718
2020-09-08 05:02:29,100716
2020-09-08 05:03:29,100716
2020-09-08 05:04:29,100711
2020-09-08 05:05:29,100712
2020-09-08 05:06:29,100708
2020-09-08 05:07:29,100707
2020-09-08 05:08:29,100705
2020-09-08 05:09:29,100706
2020-09-08 05:10:29,100708
2020-09-08 05:11:29,100710
2020-09-08 05:12:29,100713
2020-09-08 05:13:29,100715
2020-09-08 05:14:29,100714
2020-09-08 05:15:29,100711
2020-09-08 05:16:29,100707
2020-09-08 05:17:29,100710
2020-09-08 05:18:29,100712
2020-09-08 05:19:29,100713
2020-09-08 05:20:29,100714
2020-09-08 05:21:30,100711
2020-09-08 05:22:30,100712
2020-09-08 05:23:30,100711
2020-09-08 05:24:30,100712
2020-09-08 05:25:30,100715
2020-09-08 05:26:30,100712
2020-09-08 05:27:30,100713
2020-09-08 05:28:30,100711
2020-09-08 05:29:30,100713
2020-09-08 05:30:30,100714
2020-09-08 05:31:30,100711
2020-09-08 05:32:30,100712
2020-09-08 05:33:30,100712
2020-09-08 05:34:30,100709
2020-09-08 05:35:30,100710
2020-09-08 05:36:30,100709
2020-09-08 05:37:30,100710
2020-09-08 05:38:30,100710
2020-09-08 05:39:30,100713
2020-09-08 05:40:30,100716
2020-09-08 05:41:30,100717
2020-09-08 05:42:30,100715
2020-09-08 05:43:30,100717
2020-09-08 05:44:30,100717
2020-09-08 05:45:30,100718
2020-09-08 05:46:30,100719
2020-09-08 05:47:30,100720
2020-09-08 05:48:30,100724
2020-09-08 05:49:30,100721
2020-09-08 05:50:30,100724
2020-09-08 05:51:30,100728
2020-09-08 05:52:30,100728
2020-09-08 05:53:30,100730
2020-09-08 05:54:30,100728
2020-09-08 05:55:30,100728
2020-09-08 05:56:30,100730
2020-09-08 05:57:30,100729
2020-09-08 05:58:30,100731
2020-09-08 05:59:30,100728
2020-09-08 06:00:30,100733
2020-09-08 06:01:30,100730
2020-09-08 06:02:31,100734
2020-09-08 06:03:31,100732
2020-09-08 06:04:31,100733
2020-09-08 06:05:31,100730
2020-09-08 06:06:31,100733
2020-09-08 06:07:31,100730
2020-09-08 06:08:31,100730
2020-09-08 06:09:31,100728
2020-09-08 06:10:31,100729
2020-09-08 06:11:31,100730
2020-09-08 06:12:31,100733
2020-09-08 06:13:31,100735
2020-09-08 06:14:31,100735
2020-09-08 06:15:31,100741
2020-09-08 06:16:31,100738
2020-09-08 06:17:31,100737
2020-09-08 06:18:31,100737
2020-09-08 06:19:31,100740
2020-09-08 06:20:31,100738
2020-09-08 06:21:31,100736
2020-09-08 06:22:31,100737
2020-09-08 06:23:31,100737
2020-09-08 06:24:31,100739
2020-09-08 06:25:31,100734
2020-09-08 06:26:31,100738
2020-09-08 06:27:31,100736
2020-09-08 06:28:31,100737
2020-09-08 06:29:31,100739
2020-09-08 06:30:31,100737
2020-09-08 06:31:31,100740
2020-09-08 06:32:31,100742
2020-09-08 06:33:31,100740
2020-09-08 06:34:31,100741
2020-09-08 06:35:31,100745
2020-09-08 06:36:31,100746
2020-09-08 06:37:31,100745
2020-09-08 06:38:31,100742
2020-09-08 06:39:31,100747
2020-09-08 06:40:31,100747
2020-09-08 06:41:31,100744
2020-09-08 06:42:31,100743
2020-09-08 06:43:31,100745
2020-09-08 06:44:31,100748
2020-09-08 06:45:31,100746
2020-09-08 06:46:31,100748
2020-09-08 06:47:31,100750
2020-09-08 06:48:32,100752
2020-09-08 06:49:32,100754
2020-09-08 06:50:32,100750
2020-09-08 06:51:32,100751
2020-09-08 06:52:32,100747
2020-09-08 06:53:32,100747
2020-09-08 06:54:32,100751
2020-09-08 06:55:32,100752
2020-09-08 06:56:32,100753
2020-09-08 06:57:32,100756
2020-09-08 06:58:32,100756
2020-09-08 06:59:32,100760
2020-09-08 07:00:32,100765
2020-09-08 07:01:32,100767
2020-09-08 07:02:32,100772
2020-09-08 07:03:32,100772
2020-09-08 07:04:32,100773
2020-09-08 07:05:32,100775
2020-09-08 07:06:32,100778
2020-09-08 07:07:32,100781
2020-09-08 07:08:32,100784
2020-09-08 07:09:32,100782
2020-09-08 07:10:32,100782
2020-09-08 07:11:32,100783
2020-09-08 07:12:32,100783
2020-09-08 07:13:32,100785
2020-09-08 07:14:32,100787
2020-09-08 07:15:32,100787
2020-09-08 07:16:32,100786
2020-09-08 07:17:32,100789
2020-09-08 07:18:32,100787
2020-09-08 07:19:32,100789
2020-09-08 07:20:32,100790
2020-09-08 07:21:32,100797
2020-09-08 07:22:32,100802
2020-09-08 07:23:32,100798
2020-09-08 07:24:32,100803
2020-09-08 07:25:32,100805
2020-09-08 07:26:32,100805
2020-09-08 07:27:32,100805
2020-09-08 07:28:32,100804
2020-09-08 07:29:32,100801
2020-09-08 07:30:32,100800
2020-09-08 07:31:32,100798
2020-09-08 07:32:32,100801
2020-09-08 07:33:32,100801
2020-09-08 07:34:32,100803
2020-09-08 07:35:32,100801
2020-09-08 07:36:32,100802
2020-09-08 07:37:32,100797
2020-09-08 07:38:32,100796
2020-09-08 07:39:32,100798
2020-09-08 07:40:32,100799
2020-09-08 07:41:32,100803
2020-09-08 07:42:32,100804
2020-09-08 07:43:32,100803
2020-09-08 07:44:32,100807
2020-09-08 07:45:32,100806
2020-09-08 07:46:32,100806
2020-09-08 07:47:32,100806
2020-09-08 07:48:33,100807
2020-09-08 07:49:33,100808
2020-09-08 07:50:33,100810
2020-09-08 07:51:33,100813
2020-09-08 07:52:33,100816
2020-09-08 07:53:33,100815
2020-09-08 07:54:33,100816
2020-09-08 07:55:33,100817
2020-09-08 07:56:33,100817
2020-09-08 07:57:33,100815
2020-09-08 07:58:33,100812
2020-09-08 07:59:33,100814
2020-09-08 08:00:33,100811
2020-09-08 08:01:33,100813
2020-09-08 08:02:33,100808
2020-09-08 08:03:33,100808
2020-09-08 08:04:33,100814
2020-09-08 08:05:33,100815
2020-09-08 08:06:33,100817
2020-09-08 08:07:33,100817
2020-09-08 08:08:33,100824
2020-09-08 08:09:33,100827
2020-09-08 08:10:33,100826
2020-09-08 08:11:33,100827
2020-09-08 08:12:33,100827
2020-09-08 08:13:33,100829
2020-09-08 08:14:33,100834
2020-09-08 08:15:33,100829
2020-09-08 08:16:33,100836
2020-09-08 08:17:33,100834
2020-09-08 08:18:33,100833
2020-09-08 08:19:33,100836
2020-09-08 08:20:33,100836
2020-09-08 08:21:33,100837
2020-09-08 08:22:33,100832
2020-09-08 08:23:33,100831
2020-09-08 08:24:33,100834
2020-09-08 08:25:33,100834
2020-09-08 08:26:33,100833
2020-09-08 08:27:33,100834
2020-09-08 08:28:33,100835
2020-09-08 08:29:33,100837
2020-09-08 08:30:33,100836
2020-09-08 08:31:33,100835
2020-09-08 08:32:33,100834
2020-09-08 08:33:33,100834
2020-09-08 08:34:33,100836
2020-09-08 08:35:33,100836
2020-09-08 08:36:33,100836
2020-09-08 08:37:33,100835
2020-09-08 08:38:33,100833
2020-09-08 08:39:33,100832
2020-09-08 08:40:33,100833
2020-09-08 08:41:33,100833
2020-09-08 08:42:33,100834
2020-09-08 08:43:33,100837
2020-09-08 08:44:33,100836
2020-09-08 08:45:33,100835
2020-09-08 08:46:34,100835
2020-09-08 08:47:34,100836
2020-09-08 08:48:34,100833
2020-09-08 08:49:34,100835
2020-09-08 08:50:34,100839
2020-09-08 08:51:34,100835
2020-09-08 08:52:34,100835
2020-09-08 08:53:34,100836
2020-09-08 08:54:34,100837
2020-09-08 08:55:34,100836
2020-09-08 08:56:34,100837
2020-09-08 08:57:34,100837
2020-09-08 08:58:34,100838
2020-09-08 08:59:34,100840
2020-09-08 09:00:34,100839
2020-09-08 09:01:34,100839
2020-09-08 09:02:34,100837
2020-09-08 09:03:34,100833
2020-09-08 09:04:34,100831
2020-09-08 09:05:34,100830
2020-09-08 09:06:34,100838
2020-09-08 09:07:34,100838
2020-09-08 09:08:34,100837
2020-09-08 09:09:34,100842
2020-09-08 09:10:34,100837
2020-09-08 09:11:34,100840
2020-09-08 09:12:34,100843
2020-09-08 09:13:34,100849
2020-09-08 09:14:34,100841
2020-09-08 09:15:34,100841
2020-09-08 09:16:34,100840
2020-09-08 09:17:34,100845
2020-09-08 09:18:34,100843
2020-09-08 09:19:34,100838
2020-09-08 09:20:34,100838
2020-09-08 09:21:34,100841
2020-09-08 09:22:34,100839
2020-09-08 09:23:34,100837
2020-09-08 09:24:34,100835
2020-09-08 09:25:34,100838
2020-09-08 09:26:34,100839
2020-09-08 09:27:35,100842
2020-09-08 09:28:35,100849
2020-09-08 09:29:35,100850
2020-09-08 09:30:35,100854
2020-09-08 09:31:35,100854
2020-09-08 09:32:35,100856
2020-09-08 09:33:35,100858
2020-09-08 09:34:35,100857
2020-09-08 09:35:35,100856
2020-09-08 09:36:35,100860
2020-09-08 09:37:35,100856
2020-09-08 09:38:35,100855
2020-09-08 09:39:35,100860
2020-09-08 09:40:35,100858
2020-09-08 09:41:35,100856
2020-09-08 09:42:35,100859
2020-09-08 09:43:35,100855
2020-09-08 09:44:35,100860
2020-09-08 09:45:35,100859
2020-09-08 09:46:35,100863
2020-09-08 09:47:35,100863
2020-09-08 09:48:35,100863
2020-09-08 09:49:35,100868
2020-09-08 09:50:35,100863
2020-09-08 09:51:35,100863
2020-09-08 09:52:35,100863
2020-09-08 09:53:35,100866
2020-09-08 09:54:35,100866
2020-09-08 09:55:35,100862
2020-09-08 09:56:35,100865
2020-09-08 09:57:35,100866
2020-09-08 09:58:35,100864
2020-09-08 09:59:35,100868
2020-09-08 10:00:35,100863
2020-09-08 10:01:35,100859
2020-09-08 10:02:35,100855
2020-09-08 10:03:35,100858
2020-09-08 10:04:35,100858
2020-09-08 10:05:35,100857
2020-09-08 10:06:35,100855
2020-09-08 10:07:35,100859
2020-09-08 10:08:35,100860
2020-09-08 10:09:35,100861
2020-09-08 10:10:35,100858
2020-09-08 10:11:35,100860
2020-09-08 10:12:36,100856
2020-09-08 10:13:36,100854
2020-09-08 10:14:36,100853
2020-09-08 10:15:36,100853
2020-09-08 10:16:36,100853
2020-09-08 10:17:36,100858
2020-09-08 10:18:36,100860
2020-09-08 10:19:36,100859
2020-09-08 10:20:36,100863
2020-09-08 10:21:36,100863
2020-09-08 10:22:36,100859
2020-09-08 10:23:36,100862
2020-09-08 10:24:36,100860
2020-09-08 10:25:36,100861
2020-09-08 10:26:36,100857
2020-09-08 10:27:36,100858
2020-09-08 10:28:36,100859
2020-09-08 10:29:36,100861
2020-09-08 10:30:36,100858
2020-09-08 10:31:36,100857
2020-09-08 10:32:36,100858
2020-09-08 10:33:36,100858
2020-09-08 10:34:36,100856
2020-09-08 10:35:36,100858
2020-09-08 10:36:36,100858
2020-09-08 10:37:36,100861
2020-09-08 10:38:36,100861
2020-09-08 10:39:36,100860
2020-09-08 10:40:36,100859
2020-09-08 10:41:36,100858
2020-09-08 10:42:36,100859
2020-09-08 10:43:36,100859
2020-09-08 10:44:36,100862
2020-09-08 10:45:36,100860
2020-09-08 10:46:36,100857
2020-09-08 10:47:36,100857
2020-09-08 10:48:36,100854
2020-09-08 10:49:36,100854
2020-09-08 10:50:37,100856
2020-09-08 10:51:37,100855
2020-09-08 10:52:37,100855
2020-09-08 10:53:37,100856
2020-09-08 10:54:37,100859
2020-09-08 10:55:37,100858
2020-09-08 10:56:37,100855
2020-09-08 10:57:37,100855
2020-09-08 10:58:37,100856
2020-09-08 10:59:37,100856
2020-09-08 11:00:37,100853
2020-09-08 11:01:37,100857
2020-09-08 11:02:37,100857
2020-09-08 11:03:37,100858
2020-09-08 11:04:37,100856
2020-09-08 11:05:37,100855
2020-09-08 11:06:37,100851
2020-09-08 11:07:37,100851
2020-09-08 11:08:37,100851
2020-09-08 11:09:37,100848
2020-09-08 11:10:37,100846
2020-09-08 11:11:37,100847
2020-09-08 11:12:37,100844
2020-09-08 11:13:37,100847
2020-09-08 11:14:37,100844
2020-09-08 11:15:37,100848
2020-09-08 11:16:37,100844
2020-09-08 11:17:37,100846
2020-09-08 11:18:37,100848
2020-09-08 11:19:37,100848
2020-09-08 11:20:37,100848
2020-09-08 11:21:37,100846
2020-09-08 11:22:37,100843
2020-09-08 11:23:37,100844
2020-09-08 11:24:37,100843
2020-09-08 11:25:37,100844
2020-09-08 11:26:38,100836
2020-09-08 11:27:38,100838
2020-09-08 11:28:38,100839
2020-09-08 11:29:38,100839
2020-09-08 11:30:38,100841
2020-09-08 11:31:38,100837
2020-09-08 11:32:38,100838
2020-09-08 11:33:38,100834
2020-09-08 11:34:38,100837
2020-09-08 11:35:38,100837
2020-09-08 11:36:38,100837
2020-09-08 11:37:38,100834
2020-09-08 11:38:38,100838
2020-09-08 11:39:38,100842
2020-09-08 11:40:38,100841
2020-09-08 11:41:38,100840
2020-09-08 11:42:38,100841
2020-09-08 11:43:38,100840
2020-09-08 11:44:38,100839
2020-09-08 11:45:38,100839
2020-09-08 11:46:38,100838
2020-09-08 11:47:38,100839
2020-09-08 11:48:38,100840
2020-09-08 11:49:38,100838
2020-09-08 11:50:38,100838
2020-09-08 11:51:38,100835
2020-09-08 11:52:38,100839
2020-09-08 11:53:38,100834
2020-09-08 11:54:38,100832
2020-09-08 11:55:38,100831
2020-09-08 11:56:38,100829
2020-09-08 11:57:38,100826
2020-09-08 11:58:38,100825
2020-09-08 11:59:38,100827
2020-09-08 12:00:38,100828
2020-09-08 12:01:38,100829
2020-09-08 12:02:39,100823
2020-09-08 12:03:39,100828
2020-09-08 12:04:39,100825
2020-09-08 12:05:39,100822
2020-09-08 12:06:39,100820
2020-09-08 12:07:39,100818
2020-09-08 12:08:39,100820
2020-09-08 12:09:39,100819
2020-09-08 12:10:39,100820
2020-09-08 12:11:39,100819
2020-09-08 12:12:39,100818
2020-09-08 12:13:39,100814
2020-09-08 12:14:39,100810
2020-09-08 12:15:39,100811
2020-09-08 12:16:39,100808
2020-09-08 12:17:39,100810
2020-09-08 12:18:39,100804
2020-09-08 12:19:39,100805
2020-09-08 12:20:39,100805
2020-09-08 12:21:39,100803
2020-09-08 12:22:39,100800
2020-09-08 12:23:39,100802
2020-09-08 12:24:39,100799
2020-09-08 12:25:39,100796
2020-09-08 12:26:39,100798
2020-09-08 12:27:39,100797
2020-09-08 12:28:39,100797
2020-09-08 12:29:39,100796
2020-09-08 12:30:39,100795
2020-09-08 12:31:39,100795
2020-09-08 12:32:39,100794
2020-09-08 12:33:39,100799
2020-09-08 12:34:39,100794
2020-09-08 12:35:39,100794
2020-09-08 12:36:39,100792
2020-09-08 12:37:39,100789
2020-09-08 12:38:39,100788
2020-09-08 12:39:39,100789
2020-09-08 12:40:39,100785
2020-09-08 12:41:39,100783
2020-09-08 12:42:39,100784
2020-09-08 12:43:40,100785
2020-09-08 12:44:40,100782
2020-09-08 12:45:40,100782
2020-09-08 12:46:40,100778
2020-09-08 12:47:40,100777
2020-09-08 12:48:40,100778
2020-09-08 12:49:40,100775
2020-09-08 12:50:40,100776
2020-09-08 12:51:40,100776
2020-09-08 12:52:40,100778
2020-09-08 12:53:40,100778
2020-09-08 12:54:40,100776
2020-09-08 12:55:40,100772
2020-09-08 12:56:40,100771
2020-09-08 12:57:40,100767
2020-09-08 12:58:40,100771
2020-09-08 12:59:40,100774
2020-09-08 13:00:40,100768
2020-09-08 13:01:40,100765
2020-09-08 13:02:40,100761
2020-09-08 13:03:40,100761
2020-09-08 13:04:40,100760
2020-09-08 13:05:40,100755
2020-09-08 13:06:40,100753
2020-09-08 13:07:40,100755
2020-09-08 13:08:40,100756
2020-09-08 13:09:40,100755
2020-09-08 13:10:40,100754
2020-09-08 13:11:40,100756
2020-09-08 13:12:40,100755
2020-09-08 13:13:40,100754
2020-09-08 13:14:40,100754
2020-09-08 13:15:40,100752
2020-09-08 13:16:40,100754
2020-09-08 13:17:40,100755
2020-09-08 13:18:40,100751
2020-09-08 13:19:40,100752
2020-09-08 13:20:40,100752
2020-09-08 13:21:41,100751
2020-09-08 13:22:41,100753
2020-09-08 13:23:41,100751
2020-09-08 13:24:41,100754
2020-09-08 13:25:41,100749
2020-09-08 13:26:41,100750
2020-09-08 13:27:41,100752
2020-09-08 13:28:41,100747
2020-09-08 13:29:41,100745
2020-09-08 13:30:41,100745
2020-09-08 13:31:41,100746
2020-09-08 13:32:41,100743
2020-09-08 13:33:41,100743
2020-09-08 13:34:41,100740
2020-09-08 13:35:41,100744
2020-09-08 13:36:41,100745
2020-09-08 13:37:41,100741
2020-09-08 13:38:41,100741
2020-09-08 13:39:41,100742
2020-09-08 13:40:41,100743
2020-09-08 13:41:41,100740
2020-09-08 13:42:41,100739
2020-09-08 13:43:41,100736
2020-09-08 13:44:41,100733
2020-09-08 13:45:41,100734
2020-09-08 13:46:41,100733
2020-09-08 13:47:41,100733
2020-09-08 13:48:41,100732
2020-09-08 13:49:41,100729
2020-09-08 13:50:41,100729
2020-09-08 13:51:41,100728
2020-09-08 13:52:41,100726
2020-09-08 13:53:41,100725
2020-09-08 13:54:41,100727
2020-09-08 13:55:41,100725
2020-09-08 13:56:41,100722
2020-09-08 13:57:41,100725
2020-09-08 13:58:41,100722
2020-09-08 13:59:42,100718
2020-09-08 14:00:42,100717
2020-09-08 14:01:42,100715
2020-09-08 14:02:42,100714
2020-09-08 14:03:42,100714
2020-09-08 14:04:42,100714
2020-09-08 14:05:42,100712
2020-09-08 14:06:42,100707
2020-09-08 14:07:42,100705
2020-09-08 14:08:42,100706
2020-09-08 14:09:42,100703
2020-09-08 14:10:42,100706
2020-09-08 14:11:42,100703
2020-09-08 14:12:42,100700
2020-09-08 14:13:42,100698
2020-09-08 14:14:42,100694
2020-09-08 14:15:42,100695
2020-09-08 14:16:42,100692
2020-09-08 14:17:42,100693
2020-09-08 14:18:42,100692
2020-09-08 14:19:42,100694
2020-09-08 14:20:42,100696
2020-09-08 14:21:42,100695
2020-09-08 14:22:42,100695
2020-09-08 14:23:42,100696
2020-09-08 14:24:42,100694
2020-09-08 14:25:42,100691
2020-09-08 14:26:42,100691
2020-09-08 14:27:42,100689
2020-09-08 14:28:42,100687
2020-09-08 14:29:42,100688
2020-09-08 14:30:42,100690
2020-09-08 14:31:42,100688
2020-09-08 14:32:42,100685
2020-09-08 14:33:42,100687
2020-09-08 14:34:43,100687
2020-09-08 14:35:43,100688
2020-09-08 14:36:43,100687
2020-09-08 14:37:43,100683
2020-09-08 14:38:43,100684
2020-09-08 14:39:43,100681
2020-09-08 14:40:43,100681
2020-09-08 14:41:43,100680
2020-09-08 14:42:43,100683
2020-09-08 14:43:43,100682
2020-09-08 14:44:43,100682
2020-09-08 14:45:43,100677
2020-09-08 14:46:43,100678
2020-09-08 14:47:43,100675
2020-09-08 14:48:43,100676
2020-09-08 14:49:43,100672
2020-09-08 14:50:43,100668
2020-09-08 14:51:43,100665
2020-09-08 14:52:43,100666
2020-09-08 14:53:43,100667
2020-09-08 14:54:43,100665
2020-09-08 14:55:43,100668
2020-09-08 14:56:43,100664
2020-09-08 14:57:43,100666
2020-09-08 14:58:43,100665
2020-09-08 14:59:43,100665
2020-09-08 15:00:43,100666
2020-09-08 15:01:43,100659
2020-09-08 15:02:43,100662
2020-09-08 15:03:43,100663
2020-09-08 15:04:43,100659
2020-09-08 15:05:43,100657
2020-09-08 15:06:43,100659
2020-09-08 15:07:43,100659
2020-09-08 15:08:43,100657
2020-09-08 15:09:43,100657
2020-09-08 15:10:43,100652
2020-09-08 15:11:43,100652
2020-09-08 15:12:44,100647
2020-09-08 15:13:44,100644
2020-09-08 15:14:44,100649
2020-09-08 15:15:44,100648
2020-09-08 15:16:44,100645
2020-09-08 15:17:44,100651
2020-09-08 15:18:44,100648
2020-09-08 15:19:44,100650
2020-09-08 15:20:44,100653
2020-09-08 15:21:44,100649
2020-09-08 15:22:44,100647
2020-09-08 15:23:44,100651
2020-09-08 15:24:44,100651
2020-09-08 15:25:44,100649
2020-09-08 15:26:44,100651
2020-09-08 15:27:44,100645
2020-09-08 15:28:44,100648
2020-09-08 15:29:44,100647
2020-09-08 15:30:44,100649
2020-09-08 15:31:44,100648
2020-09-08 15:32:44,100645
2020-09-08 15:33:44,100640
2020-09-08 15:34:44,100643
2020-09-08 15:35:44,100640
2020-09-08 15:36:44,100640
2020-09-08 15:37:44,100638
2020-09-08 15:38:44,100642
2020-09-08 15:39:44,100643
2020-09-08 15:40:44,100638
2020-09-08 15:41:44,100640
2020-09-08 15:42:44,100636
2020-09-08 15:43:44,100637
2020-09-08 15:44:44,100639
2020-09-08 15:45:44,100637
2020-09-08 15:46:44,100636
2020-09-08 15:47:44,100636
2020-09-08 15:48:44,100635
2020-09-08 15:49:44,100629
2020-09-08 15:50:44,100631
2020-09-08 15:51:44,100632
2020-09-08 15:52:44,100630
2020-09-08 15:53:44,100629
2020-09-08 15:54:44,100633
2020-09-08 15:55:44,100631
2020-09-08 15:56:45,100631
2020-09-08 15:57:45,100627
2020-09-08 15:58:45,100624
2020-09-08 15:59:45,100625
2020-09-08 16:00:45,100625
2020-09-08 16:01:45,100625
2020-09-08 16:02:45,100625
2020-09-08 16:03:45,100624
2020-09-08 16:04:45,100626
2020-09-08 16:05:45,100626
2020-09-08 16:06:45,100625
2020-09-08 16:07:45,100623
2020-09-08 16:08:45,100624
2020-09-08 16:09:45,100623
2020-09-08 16:10:45,100622
2020-09-08 16:11:45,100620
2020-09-08 16:12:45,100618
2020-09-08 16:13:45,100618
2020-09-08 16:14:45,100619
2020-09-08 16:15:45,100618
2020-09-08 16:16:45,100619
2020-09-08 16:17:45,100623
2020-09-08 16:18:45,100622
2020-09-08 16:19:45,100625
2020-09-08 16:20:45,100622
2020-09-08 16:21:45,100620
2020-09-08 16:22:45,100619
2020-09-08 16:23:45,100620
2020-09-08 16:24:45,100619
2020-09-08 16:25:45,100623
2020-09-08 16:26:45,100621
2020-09-08 16:27:45,100623
2020-09-08 16:28:45,100622
2020-09-08 16:29:45,100620
2020-09-08 16:30:45,100622
2020-09-08 16:31:45,100621
2020-09-08 16:32:45,100622
2020-09-08 16:33:45,100619
2020-09-08 16:34:45,100615
2020-09-08 16:35:45,100617
2020-09-08 16:36:45,100610
2020-09-08 16:37:45,100608
2020-09-08 16:38:45,100606
2020-09-08 16:39:45,100605
2020-09-08 16:40:45,100602
2020-09-08 16:41:45,100599
2020-09-08 16:42:45,100601
2020-09-08 16:43:45,100601
2020-09-08 16:44:45,100601
2020-09-08 16:45:45,100601
2020-09-08 16:46:45,100600
2020-09-08 16:47:45,100598
2020-09-08 16:48:45,100596
2020-09-08 16:49:46,100596
2020-09-08 16:50:46,100593
2020-09-08 16:51:46,100595
2020-09-08 16:52:46,100596
2020-09-08 16:53:46,100598
2020-09-08 16:54:46,100603
2020-09-08 16:55:46,100601
2020-09-08 16:56:46,100601
2020-09-08 16:57:46,100600
2020-09-08 16:58:46,100601
2020-09-08 16:59:46,100602
2020-09-08 17:00:46,100603
2020-09-08 17:01:46,100604
2020-09-08 17:02:46,100603
2020-09-08 17:03:46,100605
2020-09-08 17:04:46,100603
2020-09-08 17:05:46,100604
2020-09-08 17:06:46,100601
2020-09-08 17:07:46,100601
2020-09-08 17:08:46,100601
2020-09-08 17:09:46,100595
2020-09-08 17:10:46,100593
2020-09-08 17:11:46,100595
2020-09-08 17:12:46,100596
2020-09-08 17:13:46,100595
2020-09-08 17:14:46,100596
2020-09-08 17:15:46,100596
2020-09-08 17:16:46,100595
2020-09-08 17:17:46,100591
2020-09-08 17:18:46,100592
2020-09-08 17:19:46,100591
2020-09-08 17:20:46,100596
2020-09-08 17:21:46,100594
2020-09-08 17:22:46,100593
2020-09-08 17:23:46,100594
2020-09-08 17:24:46,100592
2020-09-08 17:25:46,100593
2020-09-08 17:26:46,100594
2020-09-08 17:27:46,100594
2020-09-08 17:28:46,100591
2020-09-08 17:29:47,100593
2020-09-08 17:30:47,100593
2020-09-08 17:31:47,100596
2020-09-08 17:32:47,100598
2020-09-08 17:33:47,100599
2020-09-08 17:34:47,100593
2020-09-08 17:35:47,100594
2020-09-08 17:36:47,100595
2020-09-08 17:37:47,100599
2020-09-08 17:38:47,100596
2020-09-08 17:39:47,100594
2020-09-08 17:40:47,100598
2020-09-08 17:41:47,100594
2020-09-08 17:42:47,100594
2020-09-08 17:43:47,100591
2020-09-08 17:44:47,100591
2020-09-08 17:45:47,100591
2020-09-08 17:46:47,100593
2020-09-08 17:47:47,100592
2020-09-08 17:48:47,100593
2020-09-08 17:49:47,100590
2020-09-08 17:50:47,100587
2020-09-08 17:51:47,100590
2020-09-08 17:52:47,100588
2020-09-08 17:53:47,100590
2020-09-08 17:54:47,100583
2020-09-08 17:55:47,100581
2020-09-08 17:56:47,100583
2020-09-08 17:57:47,100583
2020-09-08 17:58:47,100587
2020-09-08 17:59:47,100583
2020-09-08 18:00:47,100580
2020-09-08 18:01:47,100580
2020-09-08 18:02:47,100581
2020-09-08 18:03:47,100574
2020-09-08 18:04:47,100577
2020-09-08 18:05:47,100575
2020-09-08 18:06:47,100577
2020-09-08 18:07:47,100573
2020-09-08 18:08:47,100574
2020-09-08 18:09:47,100575
2020-09-08 18:10:47,100569
2020-09-08 18:11:47,100570
2020-09-08 18:12:47,100566
2020-09-08 18:13:47,100565
2020-09-08 18:14:48,100569
2020-09-08 18:15:48,100569
2020-09-08 18:16:48,100573
2020-09-08 18:17:48,100572
2020-09-08 18:18:48,100565
2020-09-08 18:19:48,100568
2020-09-08 18:20:48,100568
2020-09-08 18:21:48,100563
2020-09-08 18:22:48,100565
2020-09-08 18:23:48,100566
2020-09-08 18:24:48,100567
2020-09-08 18:25:48,100564
2020-09-08 18:26:48,100563
2020-09-08 18:27:48,100558
2020-09-08 18:28:48,100560
2020-09-08 18:29:48,100556
2020-09-08 18:30:48,100556
2020-09-08 18:31:48,100559
2020-09-08 18:32:48,100555
2020-09-08 18:33:48,100557
2020-09-08 18:34:48,100557
2020-09-08 18:35:48,100557
2020-09-08 18:36:48,100556
2020-09-08 18:37:48,100555
2020-09-08 18:38:48,100557
2020-09-08 18:39:48,100559
2020-09-08 18:40:48,100558
2020-09-08 18:41:48,100560
2020-09-08 18:42:48,100562
2020-09-08 18:43:48,100567
2020-09-08 18:44:48,100563
2020-09-08 18:45:48,100563
2020-09-08 18:46:48,100563
2020-09-08 18:47:48,100567
2020-09-08 18:48:48,100567
2020-09-08 18:49:48,100565
2020-09-08 18:50:48,100560
2020-09-08 18:51:48,100562
2020-09-08 18:52:48,100560
2020-09-08 18:53:48,100560
2020-09-08 18:54:48,100559
2020-09-08 18:55:48,100559
2020-09-08 18:56:48,100560
2020-09-08 18:57:48,100559
2020-09-08 18:58:48,100557
2020-09-08 18:59:48,100559
2020-09-08 19:00:48,100559
2020-09-08 19:01:48,100562
2020-09-08 19:02:48,100557
2020-09-08 19:03:48,100561
2020-09-08 19:04:48,100564
2020-09-08 19:05:48,100567
2020-09-08 19:06:48,100562
2020-09-08 19:07:48,100567
2020-09-08 19:08:48,100569
2020-09-08 19:09:48,100565
2020-09-08 19:10:48,100568
2020-09-08 19:11:49,100569
2020-09-08 19:12:49,100569
2020-09-08 19:13:49,100568
2020-09-08 19:14:49,100570
2020-09-08 19:15:49,100570
2020-09-08 19:16:49,100569
2020-09-08 19:17:49,100574
2020-09-08 19:18:49,100578
2020-09-08 19:19:49,100578
2020-09-08 19:20:49,100573
2020-09-08 19:21:49,100576
2020-09-08 19:22:49,100575
2020-09-08 19:23:49,100574
2020-09-08 19:24:49,100574
2020-09-08 19:25:49,100574
2020-09-08 19:26:49,100576
2020-09-08 19:27:49,100576
2020-09-08 19:28:49,100578
2020-09-08 19:29:49,100580
2020-09-08 19:30:49,100582
2020-09-08 19:31:49,100580
2020-09-08 19:32:49,100580
2020-09-08 19:33:49,100579
2020-09-08 19:34:49,100585
2020-09-08 19:35:49,100583
2020-09-08 19:36:49,100586
2020-09-08 19:37:49,100587
2020-09-08 19:38:49,100588
2020-09-08 19:39:49,100587
2020-09-08 19:40:49,100589
2020-09-08 19:41:49,100586
2020-09-08 19:42:49,100590
2020-09-08 19:43:49,100591
2020-09-08 19:44:49,100589
2020-09-08 19:45:49,100589
2020-09-08 19:46:49,100589
2020-09-08 19:47:49,100588
2020-09-08 19:48:49,100586
2020-09-08 19:49:49,100587
2020-09-08 19:50:49,100590
2020-09-08 19:51:49,100590
2020-09-08 19:52:49,100587
2020-09-08 19:53:49,100588
2020-09-08 19:54:49,100587
2020-09-08 19:55:49,100587
2020-09-08 19:56:49,100590
2020-09-08 19:57:49,100590
2020-09-08 19:58:49,100592
2020-09-08 19:59:49,100596
2020-09-08 20:00:49,100598
2020-09-08 20:01:49,100599
2020-09-08 20:02:49,100604
2020-09-08 20:03:49,100601
2020-09-08 20:04:50,100603
2020-09-08 20:05:50,100604
2020-09-08 20:06:50,100607
2020-09-08 20:07:50,100608
2020-09-08 20:08:50,100611
2020-09-08 20:09:50,100607
2020-09-08 20:10:50,100609
2020-09-08 20:11:50,100609
2020-09-08 20:12:50,100612
2020-09-08 20:13:50,100612
2020-09-08 20:14:50,100611
2020-09-08 20:15:50,100614
2020-09-08 20:16:50,100612
2020-09-08 20:17:50,100615
2020-09-08 20:18:50,100612
2020-09-08 20:19:50,100614
2020-09-08 20:20:50,100616
2020-09-08 20:21:50,100617
2020-09-08 20:22:50,100621
2020-09-08 20:23:50,100617
2020-09-08 20:24:50,100618
2020-09-08 20:25:50,100619
2020-09-08 20:26:50,100621
2020-09-08 20:27:50,100621
2020-09-08 20:28:50,100624
2020-09-08 20:29:50,100621
2020-09-08 20:30:50,100630
2020-09-08 20:31:50,100631
2020-09-08 20:32:50,100632
2020-09-08 20:33:50,100634
2020-09-08 20:34:50,100636
2020-09-08 20:35:50,100635
2020-09-08 20:36:50,100633
2020-09-08 20:37:50,100636
2020-09-08 20:38:50,100637
2020-09-08 20:39:50,100635
2020-09-08 20:40:51,100636
2020-09-08 20:41:51,100634
2020-09-08 20:42:51,100633
2020-09-08 20:43:51,100637
2020-09-08 20:44:51,100636
2020-09-08 20:45:51,100639
2020-09-08 20:46:51,100641
2020-09-08 20:47:51,100641
2020-09-08 20:48:51,100641
2020-09-08 20:49:51,100641
2020-09-08 20:50:51,100637
2020-09-08 20:51:51,100639
2020-09-08 20:52:51,100640
2020-09-08 20:53:51,100642
2020-09-08 20:54:51,100642
2020-09-08 20:55:51,100648
2020-09-08 20:56:51,100647
2020-09-08 20:57:51,100648
2020-09-08 20:58:51,100649
2020-09-08 20:59:51,100649
2020-09-08 21:00:51,100649
2020-09-08 21:01:51,100654
2020-09-08 21:02:51,100654
2020-09-08 21:03:51,100653
2020-09-08 21:04:51,100652
2020-09-08 21:05:51,100655
2020-09-08 21:06:51,100654
2020-09-08 21:07:51,100654
2020-09-08 21:08:51,100654
2020-09-08 21:09:51,100656
2020-09-08 21:10:51,100654
2020-09-08 21:11:51,100654
2020-09-08 21:12:51,100656
2020-09-08 21:13:51,100658
2020-09-08 21:14:51,100658
2020-09-08 21:15:51,100661
2020-09-08 21:16:51,100663
2020-09-08 21:17:51,100661
2020-09-08 21:18:51,100663
2020-09-08 21:19:52,100665
2020-09-08 21:20:52,100666
2020-09-08 21:21:52,100663
2020-09-08 21:22:52,100663
2020-09-08 21:23:52,100666
2020-09-08 21:24:52,100662
2020-09-08 21:25:52,100664
2020-09-08 21:26:52,100667
2020-09-08 21:27:52,100671
2020-09-08 21:28:52,100668
2020-09-08 21:29:52,100667
2020-09-08 21:30:52,100664
2020-09-08 21:31:52,100667
2020-09-08 21:32:52,100670
2020-09-08 21:33:52,100669
2020-09-08 21:34:52,100671
2020-09-08 21:35:52,100671
2020-09-08 21:36:52,100670
2020-09-08 21:37:52,100669
2020-09-08 21:38:52,100669
2020-09-08 21:39:52,100671
2020-09-08 21:40:52,100673
2020-09-08 21:41:52,100668
2020-09-08 21:42:52,100670
2020-09-08 21:43:52,100671
2020-09-08 21:44:52,100670
2020-09-08 21:45:52,100670
2020-09-08 21:46:52,100668
2020-09-08 21:47:52,100668
2020-09-08 21:48:52,100665
2020-09-08 21:49:52,100663
2020-09-08 21:50:52,100668
2020-09-08 21:51:52,100669
2020-09-08 21:52:52,100667
2020-09-08 21:53:52,100669
2020-09-08 21:54:52,100670
2020-09-08 21:55:52,100673
2020-09-08 21:56:53,100671
2020-09-08 21:57:53,100674
2020-09-08 21:58:53,100674
2020-09-08 21:59:53,100677
2020-09-08 22:00:53,100673
2020-09-08 22:01:53,100674
2020-09-08 22:02:53,100677
2020-09-08 22:03:53,100678
2020-09-08 22:04:53,100677
2020-09-08 22:05:53,100676
2020-09-08 22:06:53,100677
2020-09-08 22:07:53,100674
2020-09-08 22:08:53,100673
2020-09-08 22:09:53,100673
2020-09-08 22:10:53,100671
2020-09-08 22:11:53,100670
2020-09-08 22:12:53,100671
2020-09-08 22:13:53,100668
2020-09-08 22:14:53,100666
2020-09-08 22:15:53,100665
2020-09-08 22:16:53,100665
2020-09-08 22:17:53,100665
2020-09-08 22:18:53,100663
2020-09-08 22:19:53,100661
2020-09-08 22:20:53,100664
2020-09-08 22:21:53,100660
2020-09-08 22:22:53,100662
2020-09-08 22:23:53,100660
2020-09-08 22:24:53,100663
2020-09-08 22:25:53,100664
2020-09-08 22:26:53,100666
2020-09-08 22:27:53,100665
2020-09-08 22:28:53,100667
2020-09-08 22:29:53,100667
2020-09-08 22:30:53,100664
2020-09-08 22:31:53,100667
2020-09-08 22:32:53,100667
2020-09-08 22:33:53,100667
2020-09-08 22:34:53,100667
2020-09-08 22:35:54,100669
2020-09-08 22:36:54,100665
2020-09-08 22:37:54,100663
2020-09-08 22:38:54,100664
2020-09-08 22:39:54,100670
2020-09-08 22:40:54,100666
2020-09-08 22:41:54,100670
2020-09-08 22:42:54,100667
2020-09-08 22:43:54,100665
2020-09-08 22:44:54,100671
2020-09-08 22:45:54,100672
2020-09-08 22:46:54,100670
2020-09-08 22:47:54,100672
2020-09-08 22:48:54,100672
2020-09-08 22:49:54,100670
2020-09-08 22:50:54,100670
2020-09-08 22:51:54,100671
2020-09-08 22:52:54,100670
2020-09-08 22:53:54,100667
2020-09-08 22:54:54,100668
2020-09-08 22:55:54,100667
2020-09-08 22:56:54,100669
2020-09-08 22:57:54,100667
2020-09-08 22:58:54,100666
2020-09-08 22:59:54,100668
2020-09-08 23:00:54,100667
2020-09-08 23:01:54,100668
2020-09-08 23:02:54,100668
2020-09-08 23:03:54,100668
2020-09-08 23:04:54,100670
2020-09-08 23:05:54,100668
2020-09-08 23:06:54,100669
2020-09-08 23:07:54,100665
2020-09-08 23:08:54,100668
2020-09-08 23:09:54,100666
2020-09-08 23:10:54,100667
2020-09-08 23:11:54,100665
2020-09-08 23:12:55,100663
2020-09-08 23:13:55,100665
2020-09-08 23:14:55,100662
2020-09-08 23:15:55,100661
2020-09-08 23:16:55,100661
2020-09-08 23:17:55,100663
2020-09-08 23:18:55,100662
2020-09-08 23:19:55,100660
2020-09-08 23:20:55,100660
2020-09-08 23:21:55,100659
2020-09-08 23:22:55,100655
2020-09-08 23:23:55,100655
2020-09-08 23:24:55,100658
2020-09-08 23:25:55,100658
2020-09-08 23:26:55,100658
2020-09-08 23:27:55,100656
2020-09-08 23:28:55,100655
2020-09-08 23:29:55,100656
2020-09-08 23:30:55,100656
2020-09-08 23:31:55,100655
2020-09-08 23:32:55,100656
2020-09-08 23:33:55,100656
2020-09-08 23:34:55,100658
2020-09-08 23:35:55,100657
2020-09-08 23:36:55,100658
2020-09-08 23:37:55,100654
2020-09-08 23:38:55,100653
2020-09-08 23:39:55,100653
2020-09-08 23:40:55,100652
2020-09-08 23:41:55,100654
2020-09-08 23:42:55,100651
2020-09-08 23:43:55,100653
2020-09-08 23:44:55,100653
2020-09-08 23:45:55,100654
2020-09-08 23:46:55,100650
2020-09-08 23:47:55,100650
2020-09-08 23:48:55,100650
2020-09-08 23:49:56,100650
2020-09-08 23:50:56,100650
2020-09-08 23:51:56,100649
2020-09-08 23:52:56,100649
2020-09-08 23:53:56,100647
2020-09-08 23:54:56,100648
2020-09-08 23:55:56,100651
2020-09-08 23:56:56,100646
2020-09-08 23:57:56,100651
2020-09-08 23:58:56,100647
2020-09-08 23:59:56,100647
